path,section,venues,required,purpose,exists,size_bytes,sha256,text_scanned,anonymous_status,blocker_issues,review_issues
reports/wifs_manuscript_draft_2026_06_14.md,paper-drafts,WIFS,True,Anonymous WIFS markdown manuscript draft.,True,11815,e0548c13a66afc2167a894d5d48d5edf30eae6325f38ef5c0e091451a0346bdf,True,safe,,
reports/dff_manuscript_draft_2026_06_14.md,paper-drafts,DFF,True,Anonymous DFF markdown manuscript draft.,True,13221,d9c8c825794e128ecb7bb181037aeb01c9723088adbc925958b5c49960f9dcd1,True,safe,,
reports/assets/paper_skeletons/wifs_2026_paper_skeleton.tex,paper-drafts,WIFS,True,WIFS LaTeX skeleton with anonymous author placeholder and generated assets.,True,16283,1b7df3109416c83cd11a481e3dafb30166bd028cbdb2ff0aca0be75732f231a7,True,safe,,
reports/assets/paper_skeletons/dff_2026_workshop_skeleton.tex,paper-drafts,DFF,True,DFF LaTeX skeleton with anonymous author placeholder and generated assets.,True,18257,523b8bfa647c5501bf551c4858f4d99827bf691e5f6dcf3a4c9d0f4ae1d6b70a,True,safe,,
reports/paper_section_drafts_2026_06_14.md,writing,"WIFS,DFF",True,Section prose source for paper assembly.,True,9544,dae8636cdea6eebb0da591fb984b657dd1d9ac5ae3334820509c8ad990573070,True,safe,,
reports/submission_text_drafts_2026_06_14.md,writing,"DFRWS,WIFS,DFF",True,"Venue abstracts, result sentences, and paper-structure notes.",True,15625,d0fd2a03cb227d1f45b0cc24d98703c8f2abd776b360c329740a86bea41ac663,True,safe,,
reports/submission_result_tables_2026_06_14.md,tables,"DFRWS,WIFS,DFF",True,Copy-ready compact result tables.,True,12232,1a7f81acb30a3c7bf9584a94981a41f3aa47d5e1de29b94af3cca4fa9643cac5,True,safe,,
reports/paired_seed_statistical_support_2026_06_15.md,statistical-support,"WIFS,DFF",False,Paired-seed bootstrap support report for conservative model-comparison wording.,True,8897,f27a0f159531ce4445e7a1324afe6ef350c079ddc0c459b763589fba35cb89cb,True,safe,,
reports/assets/paired_seed_statistical_support.csv,statistical-support,"WIFS,DFF",False,"Machine-readable paired-seed deltas, bootstrap intervals, and support labels.",True,18095,d876fa883f392c075e0aeb274206f01fb9f1af012d226ac6d9c7b78a63580f50,True,safe,,
reports/assets/latex_tables/same_domain_anchor.tex,tables,"WIFS,DFF",True,Same-domain anchor LaTeX table fragment.,True,331,075d1586c50380ea91468f9a4c58e2be2826c2c7accad2dc1e1f147abd7441e8,True,safe,,
reports/assets/latex_tables/transfer_frontier.tex,tables,"WIFS,DFF",True,Transfer-frontier LaTeX table fragment.,True,900,724490465a5ae0eb2d0d853d80b01248b412415b46aa84aed3a36a61cd4a07fb,True,safe,,
reports/assets/latex_tables/robustness_stress.tex,tables,"WIFS,DFF",True,Robustness-stress LaTeX table fragment.,True,999,c5c080475cfb9043946bb4a4f11c21aaad491e5f6a5d975a62045188853a26a9,True,safe,,
reports/assets/latex_tables/reconstruction_ablation.tex,tables,"WIFS,DFF",True,Reconstruction-ablation LaTeX table fragment.,True,784,2bd339af3a7b3945befa71691cb3765eb25aeba905104c89649d2f864f9f8281,True,safe,,
reports/assets/latex_tables/calibration_operating_modes.tex,tables,"WIFS,DFF",True,Calibration operating-mode LaTeX table fragment.,True,1222,1a04d291a3b200c1ec7a93be99ec9efe74de7fdbfe72d0f5c99e9f70e99b6c08,True,safe,,
reports/assets/latex_tables/paired_seed_support.tex,tables,"WIFS,DFF",True,Paired-seed statistical support LaTeX table fragment.,True,1443,48a0e5c26fd401442c8229c4a571ed1de5b555cfdfc08401d808d60c248d6954,True,safe,,
reports/assets/latex_tables/source_holdout_stress.tex,tables,"WIFS,DFF",True,Held-out generator stress LaTeX table fragment.,True,509,3b6fad509f8f5f6b1535ec7cab99f352692e52d649d2a1c4162a91ec810f40dd,True,safe,,
reports/assets/claim_evidence_matrix.csv,claim-audit,"DFRWS,WIFS,DFF",True,Machine-readable claim-to-evidence matrix.,True,22085,1ff4a98e430a6b3231eceb43aaed35a4f6a37ac86e94d85ffb15c3ba0099c950,True,safe,,
reports/assets/claim_evidence_matrix.md,claim-audit,"DFRWS,WIFS,DFF",True,Readable claim-to-evidence matrix.,True,22486,27066f65a5ac3f71f54174cdf2a9e41e712dbfa9df58ddb7cd3b551c923d8e5f,True,safe,,
reports/assets/source_holdout_generator_stress.png,figures,"DFRWS,WIFS,DFF",True,Held-out generator stress figure.,True,146652,7e6deb48c1548815a27e9cef18bf177f6e82da1a50f04ccddb0df3f1e3bde032,False,not_scanned_binary,,
reports/assets/source_holdout_generator_stress.svg,figures,"DFRWS,WIFS,DFF",True,Editable held-out generator stress figure.,True,24677,481111838ec29fe3b94cf449c271c1500c6558af914e724fd9cdfa23b04e3d1a,False,not_scanned_binary,,
reports/assets/publication_reverse_fusion_tradeoff.png,figures,"WIFS,DFF",False,Reverse fusion operating-point tradeoff figure.,True,133939,41ed4e5cec9a059ba6d975979d8466f643d83dcbc9f6bb3700e4092125f48bd6,False,not_scanned_binary,,
reports/assets/publication_score_fusion_clip_frontier.png,figures,"DFRWS,DFF",False,CLIP transfer frontier figure.,True,136885,d1d0c1b2295a30c29ed771b580e24c975b9aba69d686fef7016e391988f7ca91,False,not_scanned_binary,,
reports/assets/publication_reverse_transform_robustness.png,figures,"DFRWS,WIFS,DFF",False,Reverse-transfer transform robustness figure.,True,137846,01dbba5aa195dbc878a4ecdc5c998b78b18fd3f19ef32ffbf2e149cfe8f18727,False,not_scanned_binary,,
reports/paper_section_drafts_lint_2026_06_14.md,quality-control,"WIFS,DFF",False,Section-draft lint report.,True,5710,2e5fba9ea9fed360c9224ca8586ddcb0d77325d1fabf4e20680e6d0268cf65f7,True,safe,,
reports/paper_skeleton_lint_2026_06_14.md,quality-control,"WIFS,DFF",False,Paper-skeleton lint report.,True,4899,bc4aef2fa30698226818099088898e11d3e99a439f6ed2295a01689df3b879d8,True,safe,,
reports/manuscript_drafts_lint_2026_06_14.md,quality-control,"WIFS,DFF",False,Manuscript-draft lint report.,True,2747,bc935e122fdecd794dcea31e6bd4722ff367efc286bb3d06e437eac5b187fae1,True,safe,,
