path,type,venues,required,exists,size_bytes,sha256,hash_status
README.md,repo,"DFRWS,WIFS,DFF",True,True,57171,c8dbc701907f726311cb0cd6bf7631f7a05035ea62ea96e47a4ef6f076b1a37e,hashed
CITATION.cff,repo,"DFRWS,WIFS,DFF",True,True,788,7b52c39b6b305a5c4fbe4dcf3c082c72bfd91927b1f4fa407ef38bb8cdec8a49,hashed
reports/reproducibility_checklist_2026_06_12.md,reproducibility,"DFRWS,WIFS,DFF",True,True,16823,8347ede904820de368b7c896c96dbc3653c0401d9fdd5654f09b66907c317a31,hashed
reports/submission_readiness_2026_06_13.md,planning,"DFRWS,WIFS,DFF",True,True,15291,218f84d6665f765d6aec052a8838b01aa742e79036c5bea25e7b4a50a9ac80c5,hashed
reports/submission_scorecard_2026_06_14.md,planning,"DFRWS,WIFS,DFF",False,True,3561,5b74ccc1197930c2aac3d0e8e4ae71de0fc696a747997667aa1fb0b80d035a11,hashed
reports/assets/submission_scorecard.csv,planning,"DFRWS,WIFS,DFF",False,True,1351,c61e58ca0cebd05c162e874ad0fb3260cb09d51a2883776ee04d975e31fa5b6a,hashed
reports/submission_upload_checklist_2026_06_14.md,planning,"DFRWS,WIFS,DFF",False,True,8216,fd279825e42d9f798a62c5219bb5745002cbdf7c44c0ba0bf75055304ac682ae,hashed
reports/assets/submission_upload_checklist.csv,planning,"DFRWS,WIFS,DFF",False,True,7365,8701d9fa84e7b0e8d2f4b3c1800e873c956ac618daaf545bea987f8803ce817c,hashed
reports/submission_critical_path_2026_06_14.md,planning,"DFRWS,WIFS,DFF",False,True,2460,a0490f3485832df414305cba5fb810fd1d59da5468360cb3010e86de8501fbcc,hashed
reports/assets/submission_critical_path.csv,planning,"DFRWS,WIFS,DFF",False,True,2771,3bb698820ae48d4c1d7ae42d95c327dd1f53e3f74bb3caa1d7dae12aaf7429f4,hashed
reports/submission_deadline_calendar_2026_06_15.md,planning,"DFRWS,WIFS,DFF",False,True,1512,bd1bb39a99e9c07147a47dc304976f6f7dab1c039e9b66b763a821c109072c11,hashed
reports/assets/submission_deadline_calendar.csv,planning,"DFRWS,WIFS,DFF",False,True,2117,3349d364de7d72af819e94a15654176733329f7f85b192d3ddf6df95e38b5c46,hashed
reports/assets/submission_deadline_calendar.ics,planning,"DFRWS,WIFS,DFF",False,True,3461,37ebbfe890f851687b44e308397687cbda4b237f148631b39c2f39e5b0baecd7,hashed
reports/publication_control_suite_2026_06_14.md,planning,"DFRWS,WIFS,DFF",False,True,9455,9164be930cfa2c6b20da0b1ca2f2531ef25bf37033e61e32e8e60ade2b51eb92,hashed
reports/assets/publication_control_suite.csv,planning,"DFRWS,WIFS,DFF",False,True,7762,1e8279dc25036e873c33d251d4afd29560bccab54603751db21a8254c290d540,hashed
reports/opportunity_watchlist_2026_06_14.md,planning,"DFRWS,WIFS,DFF",False,True,4061,f04f9e2f12382a4e7c55d2cee1f858e1595f25a6b04472abbdeb2eca43d0dfc7,hashed
reports/assets/opportunity_watchlist.csv,planning,"DFRWS,WIFS,DFF",False,True,2941,91f52989c73590f95e7afade8a356afdb6462b38bc0af47f4f2aa9b2075792fc,hashed
reports/external_benchmark_readiness_2026_06_14.md,planning,"DFRWS,WIFS,DFF",False,True,5790,dcfc2e0f84e6178fc5169c9d0e4f4413ce7912d9c1ba6a51de5142a8fec89c67,hashed
reports/assets/external_benchmark_readiness.csv,planning,"DFRWS,WIFS,DFF",False,True,1422,baa5a9d4cde69527da6e34ebe7470039bf036eb1110de6072b24f3fd8763e4ae,hashed
reports/assets/external_benchmark_proxy_metrics.csv,planning,"DFRWS,WIFS,DFF",False,True,4658,f4b03a2365f6bb617ae4108c830520c41e155fe3dcb5786324acaa492004982e,hashed
reports/external_benchmark_claim_lint_2026_06_14.md,quality-control,"DFRWS,WIFS,DFF",False,True,1005,07430236101ebac1f69b938a9fb06d23cf3a79836dbfe4408e336359025bc43c,hashed
reports/assets/external_benchmark_claim_lint.csv,quality-control,"DFRWS,WIFS,DFF",False,True,648,26d2cb78d445a4f64b2ef674dcfb963be82e73056bb87f5f27239be2d5618e89,hashed
reports/sota_gap_report_2026_06_14.md,planning,"DFRWS,WIFS,DFF",False,True,5894,8e788ef3c2455de302c316e4739d7c7571505abc3addbcd214f0afb119a3533d,hashed
reports/assets/sota_gap_report.csv,planning,"DFRWS,WIFS,DFF",False,True,1293,c4acc9d2636d4fe4f1bea2d287cb3b7cf7ff03783e0f5e39f415ba0e0590b3ef,hashed
reports/sota_gap_closure_plan_2026_06_14.md,planning,"DFRWS,WIFS,DFF",False,True,6935,863fa8fb45894cfd8711c9ad455af0f3d70fdac1f3260b5f7a456388bcc48889,hashed
reports/assets/sota_gap_closure_plan.csv,planning,"DFRWS,WIFS,DFF",False,True,5089,d6667d0736e836256d31e2867a996a1ba9d7e41a85df8d6e7fdaa5ee7218792f,hashed
reports/competition_submission_dry_run_2026_06_15.md,quality-control,"DFRWS,WIFS,DFF",False,True,2123,7ebc10f93fb283c278d27b1bb6d5bf970b1c5c2228620d345ab9e0eb205024c7,hashed
reports/assets/competition_dry_run/predictions.csv,quality-control,"DFRWS,WIFS,DFF",False,True,4573,2f32a378bd37b7c130aafb58f633d8dccdb965df528f4d0049b6503586655713,hashed
reports/assets/competition_dry_run/expected_ids.csv,quality-control,"DFRWS,WIFS,DFF",False,True,2178,f9a6f0f1d43d7e6b831047bbae1e774af37e63335227ea241edd9796bcab4806,hashed
reports/assets/competition_dry_run/submission.csv,quality-control,"DFRWS,WIFS,DFF",False,True,6344,4825201b2cbd946ae62a1bf1c773bafaed3dc3af3c3ebb05249f82e0891b3831,hashed
reports/assets/competition_dry_run/submission_manifest.json,quality-control,"DFRWS,WIFS,DFF",False,True,735,a3e766a67ae18477556d246804bd06d2b5e19087fbb3729836a0dd8e7c0c63df,hashed
reports/assets/competition_dry_run/submission_lint.json,quality-control,"DFRWS,WIFS,DFF",False,True,2222,c3c46e1c00c1303d611f5caf64696ed5d3c630341585aa9dd9239eaaeb33f38b,hashed
reports/submission_artifact_hashes_2026_06_15.md,reproducibility,"DFRWS,WIFS,DFF",False,True,1386,,index_or_self_skipped
reports/assets/submission_artifact_hashes.csv,reproducibility,"DFRWS,WIFS,DFF",False,True,34979,,index_or_self_skipped
reports/submission_artifact_hashes_lint_2026_06_15.md,quality-control,"DFRWS,WIFS,DFF",False,True,719,,index_or_self_skipped
reports/assets/submission_artifact_hashes_lint.csv,quality-control,"DFRWS,WIFS,DFF",False,True,419,,index_or_self_skipped
reports/submission_path_sanitization_2026_06_15.md,quality-control,"DFRWS,WIFS,DFF",False,True,1321,,index_or_self_skipped
reports/assets/submission_path_sanitization.csv,quality-control,"DFRWS,WIFS,DFF",False,True,644,,index_or_self_skipped
reports/submission_privacy_audit_2026_06_15.md,quality-control,"DFRWS,WIFS,DFF",False,True,852,,index_or_self_skipped
reports/assets/submission_privacy_audit.csv,quality-control,"DFRWS,WIFS,DFF",False,True,144,,index_or_self_skipped
reports/submission_anonymity_audit_2026_06_15.md,quality-control,"WIFS,DFF",False,True,3184,,index_or_self_skipped
reports/assets/submission_anonymity_audit.csv,quality-control,"WIFS,DFF",False,True,1961,,index_or_self_skipped
reports/assets/submission_anonymity_audit_checks.csv,quality-control,"WIFS,DFF",False,True,330,,index_or_self_skipped
reports/reconstruction_lite_feature_set_2026_06_14.md,method,"DFRWS,WIFS,DFF",False,True,3939,a7d42ab49bf229ddd22bb2d684ded433fa3f415a77f4aac1ba168dc583892f95,hashed
reports/assets/reconstruction_lite_feature_manifest.csv,method,"DFRWS,WIFS,DFF",False,True,2323,cef8d6d2b0724e33a8e3aaa0675693c5fd551aef9404734767403955f9536ba5,hashed
reports/reconstruction_v2_feature_set_2026_06_14.md,method,"DFRWS,WIFS,DFF",False,True,9394,4faad4f14edafc05b8d0b4f0d7aef37c9f432c9e84800d1480aa5d40ebfe1a10,hashed
reports/assets/reconstruction_v2_feature_manifest.csv,method,"DFRWS,WIFS,DFF",False,True,7107,478f9d9d7fbd2174b0d7ea4eb2e2774645ac80358dceb734c25b0191798e625c,hashed
reports/reconstruction_v2_probe_2026_06_14.md,result-note,"DFRWS,WIFS,DFF",False,True,5388,36ca86227b9eada4008dff290a524fc88bf8b967069cdfa8c0639ca1853f9e53,hashed
reports/assets/reconstruction_v2_probe_seed_summary.csv,result-data,"DFRWS,WIFS,DFF",False,True,6168,f828737bc65d49dc57ecb81882a520056cfbb4e2e58f69f43c0f25a8d0d9491f,hashed
reports/assets/reconstruction_v2_probe_mean_summary.csv,result-data,"DFRWS,WIFS,DFF",False,True,5590,39571e240259475f21bf7912fe4ab4fc246d62ba89c230b69721cec9b314aa76,hashed
reports/assets/reconstruction_v2_probe_delta_summary.csv,result-data,"DFRWS,WIFS,DFF",False,True,6269,32b553e42a741c65d42c6c2b14f7c88bf75c6399bb3998a38509271402af0454,hashed
reports/reconstruction_lite_probe_2026_06_14.md,result-note,"DFRWS,WIFS,DFF",False,True,2074,09b36a3969f18a0c7dac86d856ad1a7d81059c6cb454a6754d64fd1db4da2d21,hashed
reports/assets/reconstruction_lite_probe_seed_summary.csv,result-data,"DFRWS,WIFS,DFF",False,True,1991,7ff432f0c1f2497f8aff9760451fe045fc4ccf608ab6d60bb11b21d2176b56b3,hashed
reports/assets/reconstruction_lite_probe_mean_summary.csv,result-data,"DFRWS,WIFS,DFF",False,True,2146,1b479c89fe8b3d7aa2c8790353f58c453442ec235d10757a929adf0e8c87ff57,hashed
reports/assets/reconstruction_lite_probe_delta_summary.csv,result-data,"DFRWS,WIFS,DFF",False,True,1180,a615732ac0e4b26c51b684a1d86374b5ef87a5e0e982b0838a62532ce9bd1441,hashed
reports/reconstruction_lite_transfer_probe_2026_06_14.md,result-note,"DFRWS,WIFS,DFF",False,True,2017,2dfa6a7f7195c4d51a12d4a1b8aa3140f0adf76eba34ba998029b36e338363bb,hashed
reports/assets/reconstruction_lite_transfer_probe_seed_summary.csv,result-data,"DFRWS,WIFS,DFF",False,True,2615,e614acbfc02f0c8ab47902b966c8ade4a9d55f725b0a17d0723f53ee0203be02,hashed
reports/assets/reconstruction_lite_transfer_probe_mean_summary.csv,result-data,"DFRWS,WIFS,DFF",False,True,2124,e350c29ed9a5edcb153d94b0863d2aba139893d91795a6c78273d8952dac51f9,hashed
reports/assets/reconstruction_lite_transfer_probe_delta_summary.csv,result-data,"DFRWS,WIFS,DFF",False,True,1218,04ebb5950eceeb9b509273f0f8ec13b80ce48c8338049ca23b7dee0e25de434e,hashed
reports/reconstruction_lite_fusion_probe_2026_06_14.md,result-note,"DFRWS,WIFS,DFF",False,True,5464,9ae6a82d3985aa14433ec80efaeb57895a84ffd22dc99b086eb03a85157a2037,hashed
reports/assets/reconstruction_lite_fusion_probe_seed_summary.csv,result-data,"DFRWS,WIFS,DFF",False,True,2747,0dfd008a5f3a3206e9c33badaf55b6bec1eb285d1cde9d257f72003d8ec82aab,hashed
reports/assets/reconstruction_lite_fusion_probe_mean_summary.csv,result-data,"DFRWS,WIFS,DFF",False,True,3937,2cb14d10cb28d3b90244ab451196ee9234f55e8a03cae5726772dfb76ffd5d34,hashed
reports/assets/reconstruction_lite_fusion_probe_delta_summary.csv,result-data,"DFRWS,WIFS,DFF",False,True,3664,5995f7c64c30c4a79c89c6f7f356b86126d3388148b04603468cf8e8f2b8c348,hashed
reports/assets/reconstruction_lite_fusion_probe_coefficients.csv,result-data,"DFRWS,WIFS,DFF",False,True,260,132cf2861a893bec72cb28124bd7a794237f7abf95f8bb5c35e4ca06d8413174,hashed
reports/literature_map_2026_06_14.md,literature,"WIFS,DFF",True,True,6270,23cdd65ff6de349fd273d47757eac04dab9896c88d9ab0a20ce8c6f37ffebf5e,hashed
reports/assets/literature_map.csv,literature,"WIFS,DFF",True,True,5116,13c9fcd46a251b48e4b009f6dd796c0c7b5f2e7e02e2b6ca0a3de7ab18cc2de6,hashed
references.bib,bibliography,"WIFS,DFF",True,True,4612,d5ed1e10f9b294c9524bccc9edd301ec3cc8214765c0cd9a12c68ad7bbcbfbef,hashed
reports/references_bib_2026_06_14.md,bibliography,"WIFS,DFF",True,True,3027,a20720d44fd00b216fca30e0f413c6ddb5b37c5e5030fcedc08e0d1f71615b5d,hashed
reports/assets/references_bib_manifest.csv,bibliography,"WIFS,DFF",True,True,2430,7fbb7acc5296c76aee8092e77355fb7222b33b7664da5fd8dc5643e11239c0b2,hashed
reports/assets/publication_core_results.csv,table,"DFRWS,WIFS,DFF",True,True,15007,5358a37722836842345459ee8e3357f200182a270320b40adddb9a657b76921c,hashed
reports/assets/publication_core_results.md,table,"DFRWS,WIFS,DFF",True,True,14189,9f0ad62146fad897cedb8b6003098a602ed527e900706fa8cfa5c10ff9932469,hashed
reports/ms_cocoai_to_ishu_source_holdout_model_selection_2026_06_13.md,result-note,"WIFS,DFF",False,True,11265,761e94ba8b7a855c614e5b612d6e7d8eae47cb1436b786ff0eb5da10668c75ad,hashed
reports/assets/ms_cocoai_to_ishu_source_holdout_model_selection_source_summary.csv,table,"WIFS,DFF",False,True,18098,cd27629ed0fcbec85d7b1e2368454792fa7f25b6b1046346e16744a4078e4d2c,hashed
reports/source_holdout_generator_stress_2026_06_14.md,result-note,"DFRWS,WIFS,DFF",False,True,1361,bebd6dd921e2b21e9575ad299d7c5f7f5b1887665cf2ec3d3601e3e09a1ec7c1,hashed
reports/assets/source_holdout_generator_stress.csv,table,"DFRWS,WIFS,DFF",False,True,771,091678db95b4a61783da8909f038c816b9280c3ec381dd7d67fb6285e79f1321,hashed
reports/assets/source_holdout_generator_stress.png,figure,"DFRWS,WIFS,DFF",False,True,146652,7e6deb48c1548815a27e9cef18bf177f6e82da1a50f04ccddb0df3f1e3bde032,hashed
reports/assets/source_holdout_generator_stress.svg,figure,"DFRWS,WIFS,DFF",False,True,24677,481111838ec29fe3b94cf449c271c1500c6558af914e724fd9cdfa23b04e3d1a,hashed
reports/submission_result_tables_2026_06_14.md,table,"DFRWS,WIFS,DFF",True,True,12232,1a7f81acb30a3c7bf9584a94981a41f3aa47d5e1de29b94af3cca4fa9643cac5,hashed
reports/assets/submission_result_table_manifest.csv,table,"DFRWS,WIFS,DFF",True,True,1316,02165bba3d8ec53b4257b844ef9417dbdf1f054a28555d1ab13f8228f511c4b8,hashed
reports/assets/submission_table_same_domain_anchor.csv,table,"DFRWS,WIFS,DFF",True,True,719,e38978163ab7bdbacd0b41fcbd6b8d0e506231166f20996a5f0ec20998ec754f,hashed
reports/assets/submission_table_transfer_frontier.csv,table,"DFRWS,WIFS,DFF",True,True,2983,a32d1dd80e3e112e5a9e79cc9a16bc82618c0da947d6a51328a45bea66775f0f,hashed
reports/assets/submission_table_reverse_operating_points.csv,table,"WIFS,DFF",True,True,3283,19f7fe136ca11ca14044cf802bba015c45f191702da67b8f8ceb2704b36e2ffd,hashed
reports/assets/submission_table_robustness_stress.csv,table,"DFRWS,WIFS,DFF",True,True,6105,436e45456ca39805956c1bacfdf2e7066096be4c83b05260d8370204c4a18bc1,hashed
reports/assets/submission_table_source_holdout_stress.csv,table,"DFRWS,WIFS,DFF",True,True,1402,fd600539806f51764f801813bb763f47a8769ce4528d6f964d4ef8316b51b0c0,hashed
reports/assets/submission_table_reconstruction_ablation.csv,table,"WIFS,DFF",True,True,2097,b7f05b2e51db96f126d892284b0be4c138bfdf6f997c758f38df51edcbd3c391,hashed
reports/submission_result_tables_lint_2026_06_14.md,quality-control,"DFRWS,WIFS,DFF",False,True,7752,8dd41f0b1f3c35d6892bb90db16cd4d038696d993dd5fc641fe182f2290a2165,hashed
reports/assets/submission_result_tables_lint.csv,quality-control,"DFRWS,WIFS,DFF",False,True,7115,be0b4535d5ad3ecdcf704e8fe1e37728ee2862be43d44bbf609da252bb89794e,hashed
reports/submission_latex_tables_2026_06_14.md,table,"WIFS,DFF",True,True,2122,8a34ad361e3cb12c4ea8484858753f521dd2c1d3417473e043a90ead59a904b2,hashed
reports/assets/latex_tables/submission_latex_table_manifest.csv,table,"WIFS,DFF",True,True,1629,c4cf2305b346381d8d95ba61864b708fa7ae3cb465466520292673967e77bcb8,hashed
reports/assets/latex_tables/same_domain_anchor.tex,table,"WIFS,DFF",True,True,331,075d1586c50380ea91468f9a4c58e2be2826c2c7accad2dc1e1f147abd7441e8,hashed
reports/assets/latex_tables/transfer_frontier.tex,table,"WIFS,DFF",True,True,900,724490465a5ae0eb2d0d853d80b01248b412415b46aa84aed3a36a61cd4a07fb,hashed
reports/assets/latex_tables/reverse_operating_points.tex,table,"WIFS,DFF",True,True,761,c8bb364d65c934c3aa508f2a27d93e6206d2a701cb1adaa2d8e53c5a4767a303,hashed
reports/assets/latex_tables/robustness_stress.tex,table,"WIFS,DFF",True,True,999,c5c080475cfb9043946bb4a4f11c21aaad491e5f6a5d975a62045188853a26a9,hashed
reports/assets/latex_tables/method_family_comparison.tex,table,"WIFS,DFF",True,True,1283,db3e11cf1cc61f4a7453a31b08452be0d92c5e1973db0089d0428aaf80a68525,hashed
reports/assets/latex_tables/calibration_operating_modes.tex,table,"WIFS,DFF",True,True,1222,1a04d291a3b200c1ec7a93be99ec9efe74de7fdbfe72d0f5c99e9f70e99b6c08,hashed
reports/assets/latex_tables/source_holdout_stress.tex,table,"WIFS,DFF",True,True,509,3b6fad509f8f5f6b1535ec7cab99f352692e52d649d2a1c4162a91ec810f40dd,hashed
reports/assets/latex_tables/reconstruction_ablation.tex,table,"WIFS,DFF",True,True,784,2bd339af3a7b3945befa71691cb3765eb25aeba905104c89649d2f864f9f8281,hashed
reports/submission_paper_skeletons_2026_06_14.md,paper-draft,"WIFS,DFF",True,True,1283,e0e92b526d7366e4208b40cb174de980bb92ce93460ca1fb3a4a5e8593e89bd4,hashed
reports/assets/paper_skeletons/submission_paper_skeleton_manifest.csv,paper-draft,"WIFS,DFF",True,True,752,2d7ec3e911268d001650021aef389dc7de9e84a4a26c7795a18608f081942981,hashed
reports/assets/paper_skeletons/wifs_2026_paper_skeleton.tex,paper-draft,WIFS,True,True,16111,ef6aae5ff43e186bcbddf1f213df9e2203a5611270d77442def91d6ae7ed5a5f,hashed
reports/assets/paper_skeletons/dff_2026_workshop_skeleton.tex,paper-draft,DFF,True,True,18085,c633df6e73427867b47f87a4cacac42b7b0c148fc4f13ed1a041c9d37d78bc67,hashed
reports/paper_skeleton_lint_2026_06_14.md,quality-control,"WIFS,DFF",False,True,4698,c173b1f459ce349f19503fa9a6fa35f83550004e4c87357130c2f5ca46139f42,hashed
reports/assets/paper_skeleton_lint.csv,quality-control,"WIFS,DFF",False,True,3936,60e2dc2b7b65f4ac3f7e098335b783d68e5e823b3b8809290c80562ab790c131,hashed
reports/assets/claim_evidence_matrix.csv,claim-audit,"DFRWS,WIFS,DFF",True,True,22085,1ff4a98e430a6b3231eceb43aaed35a4f6a37ac86e94d85ffb15c3ba0099c950,hashed
reports/assets/claim_evidence_matrix.md,claim-audit,"DFRWS,WIFS,DFF",True,True,22486,27066f65a5ac3f71f54174cdf2a9e41e712dbfa9df58ddb7cd3b551c923d8e5f,hashed
reports/claim_evidence_matrix_lint_2026_06_14.md,quality-control,"DFRWS,WIFS,DFF",False,True,1155,67e029a670666f4e9d03a987c4f9b54e2850e69c0e933f14334659790d380125,hashed
reports/assets/claim_evidence_matrix_lint.csv,quality-control,"DFRWS,WIFS,DFF",False,True,825,7852900efb9b58c08aa4044d766dd39ddef1fd2961f802448a6b8faca6b2e922,hashed
reports/method_family_comparison_2026_06_14.md,analysis,"DFRWS,WIFS,DFF",False,True,4650,e41f191aa0b06bf6f531f695bf07afb0ca94ee01abba768f52cc85123ced5d82,hashed
reports/assets/method_family_comparison.csv,analysis,"DFRWS,WIFS,DFF",False,True,6807,fc5cf11b8344f38c9718e6b16c211011d830f0af5117834b603e097675cb6940,hashed
reports/calibration_operating_modes_2026_06_14.md,analysis,"DFRWS,WIFS,DFF",False,True,3730,3c33ad9ef876391651a48fc46421c5d2a85a59fceb3c9f1d256e9f18d0e0196a,hashed
reports/assets/calibration_operating_modes.csv,analysis,"DFRWS,WIFS,DFF",False,True,3476,377cc103906c0773782dbdf790ee8611843fdd1cfd1197c348c0cffaa8f951a1,hashed
reports/submission_text_drafts_2026_06_14.md,writing,"DFRWS,WIFS,DFF",True,True,15619,fa27e69bdb82de24c8a593713df8592f25486cc465b435d6531aca5047029099,hashed
reports/assets/submission_text_drafts_word_counts.csv,writing,"DFRWS,WIFS,DFF",True,True,99,02e0ff95f5de6859bf2b82912a902043fa76c194b4bb63a06c4698bc286f05fb,hashed
reports/paper_section_drafts_2026_06_14.md,writing,"WIFS,DFF",True,True,8511,f1c276df0b37c67cb68a334ff5e4319d6e7d9aeb5584a4d1e4dfa6a5766ce42f,hashed
reports/assets/paper_section_draft_manifest.csv,writing,"WIFS,DFF",True,True,323,ee7da39721c40094c954dbeffc0b3b9920150057bf82dda6da4ea29d4f0ff994,hashed
reports/paper_section_drafts_lint_2026_06_14.md,quality-control,"WIFS,DFF",False,True,5440,9e7dc1286ead4abc39c71d3facb9c84588696ad45ebedad03ae21d630e86b00e,hashed
reports/assets/paper_section_drafts_lint.csv,quality-control,"WIFS,DFF",False,True,4601,1d85317050483c7f35cde5bf14ab1be62a015b8ab96307c591698a12b484f1c7,hashed
reports/submission_package_lint_2026_06_14.md,quality-control,"DFRWS,WIFS,DFF",False,True,2857,8ac3a73f1de1ade325b7213e350a415cd38fa57d7c79eeaee4610eb58d094dc3,hashed
reports/assets/submission_package_lint.csv,quality-control,"DFRWS,WIFS,DFF",False,True,2358,af64581ac65a148c7576cafc4f3b6093d5603259aa31b328d6bb444edf0341ee,hashed
reports/dfrws_poster_brief_2026_06_13.md,poster,DFRWS,True,True,12972,72dd6bdc2f8b5c8aca84dd011d519741b20e3564683e8ffc7a3d2b9ca22184ad,hashed
reports/assets/dfrws_poster_key_numbers.csv,poster,DFRWS,True,True,5972,db67547c687ea94b262ad8115f0f7ef8c51859cfcdf92357b61d9763f41efca5,hashed
reports/dfrws_poster_native_figures_2026_06_13.md,poster,DFRWS,True,True,1523,aa221c469956771cc6fd068a1beb3336df6f8595fc559379df2e13af3bc91a66,hashed
reports/assets/dfrws_poster_transfer_panel.png,figure,DFRWS,True,True,216751,fdda2d562ed68e6bc021fa8aa9f46b23a7bd316669747dd2b8e3e7c4a0933707,hashed
reports/assets/dfrws_poster_transfer_panel.svg,figure,DFRWS,True,True,21785,dab5d65db6cde8a498f3c6d745a08582781f09a255a62cbca4b638f58bf264a8,hashed
reports/assets/dfrws_poster_robustness_panel.png,figure,DFRWS,True,True,292364,d16fce0a42059839aafae6649d26311179302402ee4a2cd87bf4e737bb320c41,hashed
reports/assets/dfrws_poster_robustness_panel.svg,figure,DFRWS,True,True,28393,f5708d615d764f5aee20c79adc5d8d9cb7d7a2889011dfcd6b3b372fd2d7d24d,hashed
reports/dfrws_poster_draft_v2_2026_06_13.md,poster,DFRWS,True,True,1612,c5f52fdd5d70e009bbb17984b4a217370f3fd35132c2c90c9d9d602856ce711b,hashed
reports/assets/dfrws_poster_draft_v2_2026_06_13.pptx,poster,DFRWS,True,True,456141,e5cf9c8149169df83cef192b146d7fb0cae3e9eaa69ea0eb71422dcf6d80b157,hashed
reports/assets/dfrws_poster_draft_v2_2026_06_13.png,poster,DFRWS,True,True,128876,9c49a072af6fb441cda84daf5750230305b99107d5356e6642e9391629e986c8,hashed
reports/dfrws_poster_package_lint_2026_06_14.md,quality-control,DFRWS,False,True,2446,b279a2a33f40e7a4014ed3c692f1597605c0cd07c0dd539f952e8ad23f5e8ee6,hashed
reports/assets/dfrws_poster_package_lint.csv,quality-control,DFRWS,False,True,1986,ce40508346ce0f13e39302694dc816e6246bddc85d7bcdd839f4fb5c2ee69fed,hashed
reports/assets/publication_score_fusion_clip_frontier.png,figure,"DFRWS,WIFS,DFF",True,True,136885,d1d0c1b2295a30c29ed771b580e24c975b9aba69d686fef7016e391988f7ca91,hashed
reports/assets/publication_triage_operating_points.png,figure,"DFRWS,WIFS,DFF",True,True,77184,ccb9ed3d52c11b5141aff7d3d100d6befb505c074608c987183bbd14666dd8d2,hashed
reports/assets/publication_reverse_operating_points.png,figure,"WIFS,DFF",True,True,134191,4dba52b7bc824db657a25a438c573adb28b81d676c268dd66c6de037aeaee394,hashed
reports/assets/publication_reverse_transform_robustness.png,figure,"WIFS,DFF",True,True,137846,01dbba5aa195dbc878a4ecdc5c998b78b18fd3f19ef32ffbf2e149cfe8f18727,hashed
reports/assets/publication_reverse_fusion_tradeoff.png,figure,"WIFS,DFF",True,True,133939,41ed4e5cec9a059ba6d975979d8466f643d83dcbc9f6bb3700e4092125f48bd6,hashed
reports/assets/publication_score_fusion_dinov2_gain.png,figure,"WIFS,DFF",True,True,137876,4357c6b5320e290198dcb80c4a9f7d68b0f7a2e9c8f7d2175a0cf4d1e759ce89,hashed
reports/assets/publication_source_heldout_calibration.png,figure,"WIFS,DFF",True,True,76275,e556cab1b9c023e485dd9b612ec8b31d9a29ba65fc189795719f9d51e01c15ef,hashed
reports/assets/qualitative_seed17_scp_fusion_false_negatives.png,qualitative,"DFRWS,WIFS,DFF",True,True,748204,5d57f66633421dc5eaa9941d7f303acbdfe4b35d55dc8c327b9557e7b00fd083,hashed
reports/assets/qualitative_seed29_scp_fusion_false_negatives.png,qualitative,"DFRWS,WIFS,DFF",True,True,1033329,fdeef37908af8b4c9f143f1b4864a81f4dfaee92e3da908823468c96cfd2a05b,hashed
reports/dfrws_qualitative_grid_selection_2026_06_14.md,planning,"DFRWS,DFF",True,True,1904,173fe66c5983060b7a5f1e2868a8bf54f9f9ddd648ebbd994c097aae5033f48b,hashed
reports/assets/dfrws_qualitative_grid_selection.csv,planning,"DFRWS,DFF",True,True,1315,e526147e1588abdcfebe792cb8f5a7415820d3e1fd73b8d80ea19a8d86062394,hashed
reports/wifs_breadth_decision_2026_06_14.md,planning,"WIFS,DFF",True,True,2496,cd9bc1bed3b4b5982d53af228c93a161929324da8a29cc8fb914c80f9a694afa,hashed
reports/assets/wifs_breadth_decision.csv,planning,"WIFS,DFF",True,True,1023,d486da80b748fa7db015e719f7424f3e00c3a081c0e6ecff8b921b887fe42cba,hashed
reports/manuscript_assembly_map_2026_06_14.md,planning,"WIFS,DFF",True,True,5504,c5c2e67eca70631c7e779f3898ae0a52bdfcdedd1e43851889d2b9d8a5533521,hashed
reports/assets/manuscript_assembly_map.csv,planning,"WIFS,DFF",True,True,4335,a979083c86ebdc10b625e74b90bc3070c59161b83b532df1bea17361b07e6d31,hashed
reports/wifs_manuscript_draft_2026_06_14.md,paper-draft,WIFS,True,True,10997,a5ba2f53311729a1b5dda1b2593a40fef2888131c40e942b53422d1ded41f33e,hashed
reports/dff_manuscript_draft_2026_06_14.md,paper-draft,DFF,True,True,12189,13ea86354faf16338eb219fc02fc040b7fedefe84be5b45361fb5b28935a486f,hashed
reports/assets/manuscript_draft_manifest.csv,paper-draft,"WIFS,DFF",True,True,221,f9d2177a4365cfb0f06ac4b873cf63d232b70c52685474d401a1fadb7b236315,hashed
reports/manuscript_drafts_lint_2026_06_14.md,quality-control,"WIFS,DFF",False,True,2747,5db11c0a452328671a1d07dfd86ebc3c3465d9f1c4383b3c33c49bf4452ed3bd,hashed
reports/assets/manuscript_drafts_lint.csv,quality-control,"WIFS,DFF",False,True,2191,3bccc92d76d06377ce8e61a3eded3b69ac1f67c6efdf969e9da02cfc09fe8c20,hashed
reports/physics_guided_vs_resnet_2026_06_12.md,result-note,"DFRWS,WIFS,DFF",True,True,5638,e7774112646f5117a079b74d00a238b93f0231366c0322f54662faa8e3dd220d,hashed
reports/combined_v4_full_transfer_summary_2026_06_13.md,result-note,"WIFS,DFF",True,True,5456,6704b1e2972dd485fad0064ae953625d7771f04286a1ade5f1e413b7bd24fd2c,hashed
reports/combined_v4_source_slice_diagnostics_2026_06_13.md,result-note,"WIFS,DFF",True,True,6939,792362c98afbb463390a8985d53ef5f87186730925dd598db081268c85fbf71a,hashed
reports/ms_cocoai_to_ishu_tuned_fusion_native_tiling_2026_06_13.md,result-note,"DFRWS,WIFS,DFF",True,True,2911,8f556f0788cd49063c9b4b7df9fa9a0b23207779a91d273cc193dafedfd82c43,hashed
reports/robustness_failure_ranking_2026_06_14.md,result-note,"DFRWS,WIFS,DFF",False,True,3232,13be3e1c7e173bc96902de56428577407af7b340b01d77977917be8d068d1790,hashed
reports/assets/robustness_failure_ranking.csv,table,"DFRWS,WIFS,DFF",False,True,4290,59d5d8af534145da96b923a14864787994eb219445a3ce6e5e1e26068ff40017,hashed
reports/tiled_clip_reverse_transfer_2026_06_14.md,result-note,"WIFS,DFF",False,True,2624,19a50e1f0f1f03630041543544476cc2b3a9d2b631f8fdd36a5ad56a30c67865,hashed
reports/assets/tiled_clip_reverse_transfer_summary.csv,table,"WIFS,DFF",False,True,1658,4080607779928482da37ec68fb663570efad6a3783eb87d7862277ddf60fff42,hashed
reports/assets/tiled_clip_reverse_transfer_seed_metrics.csv,table,"WIFS,DFF",False,True,2814,f7222989bc5eb754a9cd66def99497438f8cced62ea3712d87e89afd037c54e7,hashed
reports/assets/tiled_clip_reverse_transfer_detail.csv,table,"WIFS,DFF",False,True,88105,cd9ac48064135213c09aef16ee7ab5bf591b62dc7e34793aa11a4948eade0228,hashed
reports/tiled_dinov2_reverse_transfer_2026_06_14.md,result-note,"WIFS,DFF",False,True,2626,1071140ea3e488496c2c2d38a50e300a6bb8210294f3116c6ba32b3f124f401e,hashed
reports/assets/tiled_dinov2_reverse_transfer_summary.csv,table,"WIFS,DFF",False,True,1707,cd66b945b85c97e0a2ea173405d73b03b9dc4c9501fa50a970205a4b30ae9c3f,hashed
reports/assets/tiled_dinov2_reverse_transfer_seed_metrics.csv,table,"WIFS,DFF",False,True,2977,31cd8a593f394d4cb0c5f636017a8f9f88a2d644594b6c6db2f82e88d4d24b30,hashed
reports/assets/tiled_dinov2_reverse_transfer_detail.csv,table,"WIFS,DFF",False,True,87095,520575178470bc6a8f4dcfb0cdbdf1e7b0cb76e19a6f680413dc58fa387bd6da,hashed
reports/tiled_convnext_reverse_transfer_2026_06_14.md,result-note,"WIFS,DFF",False,True,2628,3236fdbc43bab1ee095abc5a65c8dfed6a2a937084725831b3901391c4c0a6f4,hashed
reports/assets/tiled_convnext_reverse_transfer_summary.csv,table,"WIFS,DFF",False,True,1712,c0866b66fa76f41cc8ce8670f819739c574213c88102a4a3ea4e636b14c4ff4f,hashed
reports/assets/tiled_convnext_reverse_transfer_seed_metrics.csv,table,"WIFS,DFF",False,True,2893,91c718939a3c2039fd4c82b6e25307cb12f4c1fe2037c0214ef6b69f847f7ffa,hashed
reports/assets/tiled_convnext_reverse_transfer_detail.csv,table,"WIFS,DFF",False,True,86960,1d1c2ff38f236d01917e8cd8f016818f8564fe9c51c2b0f91374357dd8a5e4cd,hashed
reports/tiled_foundation_reverse_transfer_comparison_2026_06_14.md,result-note,"WIFS,DFF",False,True,3538,a74b54dc059ee80d9c10c202cee34629f58cfc12cf1bf53ae7fd838441fb6ef8,hashed
reports/assets/tiled_foundation_reverse_transfer_comparison.csv,table,"WIFS,DFF",False,True,7520,f879fd8e345c12f4da24762209dffa7b66ea222b2572fab3b3c6f1d1dc67aa60,hashed
reports/ms_cocoai_to_ishu_tuned_fusion_tiled_clip_2026_06_14.md,result-note,"WIFS,DFF",False,True,2931,2c25c4b2d13743885bf6074b255a2ea2a1a8ccf56d3b35797aeff72a02934c7e,hashed
reports/assets/ms_cocoai_to_ishu_tuned_fusion_tiled_clip_summary.csv,table,"WIFS,DFF",False,True,2599,6050be8dc969e14ca4ac176e4e478464a7d5c5122af1108656902820f24a2808,hashed
reports/assets/ms_cocoai_to_ishu_tuned_fusion_tiled_clip_detail.csv,table,"WIFS,DFF",False,True,5095,90723e7592cf8b6102aa3311aa9c1949b39756cc4fb4ef22d5637defa0a6f3e4,hashed
reports/ms_cocoai_to_ishu_tuned_fusion_tiled_dinov2_2026_06_14.md,result-note,"WIFS,DFF",False,True,2910,e299b834de76eeb9a116b3aea43dd084fcbcda851c17105bec65c3a37666f96c,hashed
reports/assets/ms_cocoai_to_ishu_tuned_fusion_tiled_dinov2_summary.csv,table,"WIFS,DFF",False,True,2615,47f58b4c00305ece0bd15b5ad7269097eecb8f6549096dcc3e7cd050e51685d7,hashed
reports/assets/ms_cocoai_to_ishu_tuned_fusion_tiled_dinov2_detail.csv,table,"WIFS,DFF",False,True,5053,90dd312510756655eb7f5cff704ee1cdae6d95fdae3ade7cd6cc0eed9345a317,hashed
reports/ms_cocoai_to_ishu_tuned_fusion_tiled_convnext_2026_06_14.md,result-note,"WIFS,DFF",False,True,2930,e5876afe31c574cba748683a417e26e3110c0cc61f8b41b3b9c4d4c20f44247e,hashed
reports/assets/ms_cocoai_to_ishu_tuned_fusion_tiled_convnext_summary.csv,table,"WIFS,DFF",False,True,2594,9c8021ba3fcc3bf438309194ef2d07f87a5ea9bd1922874d7cddf3f8ba2a08f9,hashed
reports/assets/ms_cocoai_to_ishu_tuned_fusion_tiled_convnext_detail.csv,table,"WIFS,DFF",False,True,5124,25446001cf5fbffcb407aa595a3841a10ecfb0ff69e16eb506cd778f74e539ac,hashed
reports/ms_cocoai_to_ishu_tiled_foundation_fusion_comparison_2026_06_14.md,result-note,"WIFS,DFF",False,True,4203,3981f0e0fcd3024cea0a6ac5daccfae801eb5c7b0d5fad0089347dd2919de5c0,hashed
reports/assets/ms_cocoai_to_ishu_tiled_foundation_fusion_comparison.csv,table,"WIFS,DFF",False,True,13633,0ce0e8ab400250a602291d9731abb8d0164f5e074b5d29f78971d2b7f7ba9e88,hashed
reports/tiled_dinov2_blur1_reverse_transfer_2026_06_14.md,result-note,"WIFS,DFF",False,True,2695,72961dcf38e4a8772b03353887f38f1bc4c5e7a80a0e9bb7d55035de90c499d7,hashed
reports/assets/tiled_dinov2_blur1_reverse_transfer_summary.csv,table,"WIFS,DFF",False,True,1714,a9b6cfc934fa93dc9ff8a11fc01aec8c917db7642214973095c2ae8d8d8dd9a2,hashed
reports/assets/tiled_dinov2_blur1_reverse_transfer_seed_metrics.csv,table,"WIFS,DFF",False,True,2997,6fb24d2f0d397e9603f61c1ef5a35c8b8aebb7eea0ed6ab34613e542e4f849aa,hashed
reports/assets/tiled_dinov2_blur1_reverse_transfer_detail.csv,table,"WIFS,DFF",False,True,107198,281b95aab6fe484dacabdbb8a7e7d4bc82fc564d904113e9b82c6c0e37cf146d,hashed
reports/ms_cocoai_to_ishu_tuned_fusion_blur1_tiled_dinov2_2026_06_14.md,result-note,"WIFS,DFF",False,True,2905,c99e6fef635d533cf7a6ffe96773c8b030918ba0e0d43e333f4fa6b5c2cec133,hashed
reports/assets/ms_cocoai_to_ishu_tuned_fusion_blur1_tiled_dinov2_summary.csv,table,"WIFS,DFF",False,True,2654,7d24e432a133739832e4c4fa529c6e82ab46a8ab12ccd6fc262753c5e3ff5a66,hashed
reports/assets/ms_cocoai_to_ishu_tuned_fusion_blur1_tiled_dinov2_detail.csv,table,"WIFS,DFF",False,True,5146,e5a582b6851ccc8bcce5452f85d1913cd5f84c0c0d72c61d90e988defcb1d217,hashed
reports/tiled_dinov2_jpeg30_reverse_transfer_2026_06_14.md,result-note,"WIFS,DFF",False,True,2697,098701cfdc6fdfda74cdf7fec76f7f97ff4392f166cf5791e01e7d66c70bdab8,hashed
reports/assets/tiled_dinov2_jpeg30_reverse_transfer_summary.csv,table,"WIFS,DFF",False,True,1708,e35c1a6673f776819a826677c5396e4847484fe4e44521dc3c1d559d59b71ddb,hashed
reports/assets/tiled_dinov2_jpeg30_reverse_transfer_seed_metrics.csv,table,"WIFS,DFF",False,True,2931,9eda4f07b8a8d7f233713ea9edde6638a688ada6c5a02fb46d41dad647c40a99,hashed
reports/assets/tiled_dinov2_jpeg30_reverse_transfer_detail.csv,table,"WIFS,DFF",False,True,108159,e1d8ca686c1e7032f95962c7f100074fbce988731b54b79d598e867e461fd58c,hashed
reports/ms_cocoai_to_ishu_tuned_fusion_jpeg30_tiled_dinov2_2026_06_14.md,result-note,"WIFS,DFF",False,True,2927,0767eb2019ff0a9abac318adbb47f73e06842af8232023a31410404edeef5eaa,hashed
reports/assets/ms_cocoai_to_ishu_tuned_fusion_jpeg30_tiled_dinov2_summary.csv,table,"WIFS,DFF",False,True,2661,359dda4151ae9450a342d5b944496c38cb1128314268e35aa9ed8357984dadc8,hashed
reports/assets/ms_cocoai_to_ishu_tuned_fusion_jpeg30_tiled_dinov2_detail.csv,table,"WIFS,DFF",False,True,5044,8ff7dc33b3494a3ad741deb072e4fff0fd7331c5862e8897995551b4b2e91697,hashed
reports/tiled_dinov2_resize_half_reverse_transfer_2026_06_14.md,result-note,"WIFS,DFF",False,True,2707,338eed3a97aed88f04cf23ddc84c17d4067d9331e99fe0faf8d962e8f8431713,hashed
reports/assets/tiled_dinov2_resize_half_reverse_transfer_summary.csv,table,"WIFS,DFF",False,True,1715,aa2a45bbfe6e070b9a9d7ab836eb29cd8c7eaea80a3e18c890447e1d13b8b5f0,hashed
reports/assets/tiled_dinov2_resize_half_reverse_transfer_seed_metrics.csv,table,"WIFS,DFF",False,True,2978,d93fd2f69c63937e96dd83738c6506711cb805ad285dfae91dc2eaefd04b55c9,hashed
reports/assets/tiled_dinov2_resize_half_reverse_transfer_detail.csv,table,"WIFS,DFF",False,True,109158,685aca17aeb3d372791eb316f9bc7c4826339530687119fe5b887ad46f838e47,hashed
reports/ms_cocoai_to_ishu_tuned_fusion_resize_half_tiled_dinov2_2026_06_14.md,result-note,"WIFS,DFF",False,True,3037,53aa094b916f061a9e5d53710d4a3c809c867add08909825c167f7c9929ef5f2,hashed
reports/assets/ms_cocoai_to_ishu_tuned_fusion_resize_half_tiled_dinov2_summary.csv,table,"WIFS,DFF",False,True,2668,d4f60c0cd4458a68c4579dc0ad505a983f22e69f39c00c6d52ed81d301186d7d,hashed
reports/assets/ms_cocoai_to_ishu_tuned_fusion_resize_half_tiled_dinov2_detail.csv,table,"WIFS,DFF",False,True,5235,4cf7310c6b74ea52acc1d55672bf64f9ea4ce80f0a296243b04062a19f851462,hashed
reports/tiled_dinov2_screenshot_reverse_transfer_2026_06_14.md,result-note,"WIFS,DFF",False,True,2705,bf9d37904834c22d635f2874833956e9cbdabcf30177f81f367471f7dee7905e,hashed
reports/assets/tiled_dinov2_screenshot_reverse_transfer_summary.csv,table,"WIFS,DFF",False,True,1717,b2137f8b3dcaf719fada2e9fb6e4c401013e658b1d2b1c1e4dfec58b55ee0f75,hashed
reports/assets/tiled_dinov2_screenshot_reverse_transfer_seed_metrics.csv,table,"WIFS,DFF",False,True,2980,0e9c5f3ca5ce60fb9e0e4d44b8138d7f09c8aa2df0cf1f00dc3948ce1c52695e,hashed
reports/assets/tiled_dinov2_screenshot_reverse_transfer_detail.csv,table,"WIFS,DFF",False,True,108906,7c16d3e22f3302e2a6be7932dfbd092abbe10dc35e4f25a7bf911e93e1cf96bc,hashed
reports/ms_cocoai_to_ishu_tuned_fusion_screenshot_tiled_dinov2_2026_06_14.md,result-note,"WIFS,DFF",False,True,3015,4ebcb368da469f46fe047fe72b6df6d5a24912a499b558712a4273df6ea7392e,hashed
reports/assets/ms_cocoai_to_ishu_tuned_fusion_screenshot_tiled_dinov2_summary.csv,table,"WIFS,DFF",False,True,2672,a002b02fcfc2868af8226ec929f5a7ac1466133dc574deb12495a91b80718d5a,hashed
reports/assets/ms_cocoai_to_ishu_tuned_fusion_screenshot_tiled_dinov2_detail.csv,table,"WIFS,DFF",False,True,5250,9852fa3199678801a2f199b1142359e18532c10970588922fc03bbf9871fab39,hashed
reports/tiled_dinov2_transform_stress_comparison_2026_06_14.md,result-note,"WIFS,DFF",False,True,2262,b3494de738a7588f8fa8276440efa38c6dbf091a31249c9cd6fdcf4db3b8739a,hashed
reports/assets/tiled_dinov2_transform_stress_comparison.csv,table,"WIFS,DFF",False,True,2187,5676c7f4cca268104a7cc0c31a378958ff263069aaab28a37d6eef9a5ecdbf10,hashed
reports/tiled_dinov2_calibration_tradeoff_2026_06_14.md,result-note,"WIFS,DFF",False,True,4051,a09700129bfc398296b1c0cf84796d9d0347b4a5038c830ea6eab4ba83ff5d33,hashed
reports/assets/tiled_dinov2_calibration_tradeoff.csv,table,"WIFS,DFF",False,True,10809,12ab7bcfb01ae9516c34ea96bf28e5be6f521ff63c4a40cf3cee7fc861eedeee,hashed
reports/assets/tiled_dinov2_calibration_tradeoff_choices.csv,table,"WIFS,DFF",False,True,1339,505e6a0e03f3152402de566782f519867c18354267f2896443b0ecc1c7a0f731,hashed
